,Target efficacy,Achieved efficacy,RRsupp value,Maximum delayed efficacy
0,20.0,19.97956463631073,0.155,NaN
1,50.0,49.95085501551492,0.64,NaN
2,80.0,79.95207803762717,3.054,NaN
3,60.0,59.969590562708184,1.152,63.27665192583625
4,95.0,94.95002339362792,42.486,95.49845931398981
