,Target efficacy,Model efficacy,Efficacy parameter
0,20,19.95708009549607,1.777
1,45,43.952346757302486,3.125
2,50,49.96000303993586,3.582
3,80,79.95271323923195,7.803
