,Target efficacy,Achieved efficacy,RRsupp value,Maximum delayed efficacy
0,20.0,19.98494290237157,0.138,NaN
1,50.0,50.011704986148644,0.45,NaN
2,80.0,79.96836965426364,1.221,NaN
3,45.0,45.02054062971915,0.474,51.67126008188535
4,70.0,69.9540517030505,2.062,90.0647104945196
