,Target efficacy,Achieved efficacy,RRsupp value
0,20,19.99765029702524,0.305
1,50,49.95954227966455,1.236
2,80,79.95166479480353,5.36
