,Target efficacy,Achieved efficacy,RRsupp value,Maximum delayed efficacy
0,20.0,19.97956463631073,0.155,NaN
1,50.0,49.95085501551492,0.64,NaN
2,80.0,79.95207803762717,3.054,NaN
3,65.0,64.95031261667957,1.412,67.41472051673173
4,92.0,91.95018549884362,23.464,94.02977581654032
