,Target efficacy,Achieved efficacy,RRsupp value,Maximum delayed efficacy
0,20.0,19.99765029702524,0.305,NaN
1,50.0,49.95954227966455,1.236,NaN
2,80.0,79.95166479480353,5.36,NaN
3,49.0,48.96273427100911,1.46,53.9892141164932
4,77.0,76.95093305057131,12.348,89.4560942266367
